id,title,score,num_comments,author,created_utc,url,over_18,edited,spoiler,stickied
17wbit5,I was tempted to sell until I read this - 87 percent of teens have iphones,14,11,Dry-Opportunity5148,2023-11-16 02:28:29,"https://wraltechwire.com/2023/04/05/apple-lovers-87-of-teens-in-survey-say-they-own-iphones/#:~:text=88%20percent%20of%20teens%20said,percent%20figure%20since%20last%20year.",False,False,False,False
18c56zi,Apple regains its $3 trillion valuation despite analysts doubts,11,3,foreignfilmfiend,2023-12-06 14:31:21,https://www.reddit.com/r/AAPL/comments/18c56zi/apple_regains_its_3_trillion_valuation_despite/,False,False,False,False
14nbc83,Achievement unlocked: Three Trillion,8,4,transcriptoin_error,2023-06-30 20:34:34,https://www.reddit.com/r/AAPL/comments/14nbc83/achievement_unlocked_three_trillion/,False,False,False,False
141pdaq,Real time stock analysis during WWDC,7,1,Aromatic_Power7082,2023-06-05 19:42:18,https://www.reddit.com/r/AAPL/comments/141pdaq/real_time_stock_analysis_during_wwdc/,False,False,False,False
14bq3an,"For those saying trim AAPL, what do you buy?",7,23,sbeau87,2023-06-17 12:36:58,https://www.reddit.com/r/AAPL/comments/14bq3an/for_those_saying_trim_aapl_what_do_you_buy/,False,False,False,False
11i7zi0,Morgan Stanley Raises Apple Target Price to $180,7,1,foreignfilmfiend,2023-03-04 17:44:38,https://www.reddit.com/r/AAPL/comments/11i7zi0/morgan_stanley_raises_apple_target_price_to_180/,False,False,False,False
136ro7c,Does anyone use other chat rooms?,7,3,fitzgerald29ish,2023-05-03 16:10:00,https://www.reddit.com/r/AAPL/comments/136ro7c/does_anyone_use_other_chat_rooms/,False,False,False,False
11f97jj,Steve Jobs Was The Master Of Unveiling Apple Products: This Was His Secret For Leaving Audiences Awestruck,6,1,aceadame,2023-03-01 17:09:31,https://www.benzinga.com/news/23/03/31129922/steve-jobs-was-the-master-of-unveiling-apple-products-this-was-his-secret-for-leaving-audiences-awes,False,False,False,False
199bx0h,"Apple Hongdae to welcome its first customers this Saturday, January 20, in South Korea",6,0,basilisk-x,2024-01-18 00:00:01,https://www.stocktitan.net/news/AAPL/apple-hongdae-to-welcome-its-first-customers-this-saturday-january-acmds91fbo4h.html,False,False,False,False
17jhj94,"$AAPL | Monday gap fill data, 3 month data",5,6,GetEdgeful,2023-10-30 00:58:37,https://www.reddit.com/r/AAPL/comments/17jhj94/aapl_monday_gap_fill_data_3_month_data/,False,False,False,False
15k0y89,"[Update] AAPL Stock: On A Modest Breather From Its 52-Highs, Projected T...",5,9,ugos1,2023-08-06 21:18:00,https://youtube.com/watch?v=DiIY3uqTlJg&feature=share,False,False,False,False
14lektb,What. A. Run.,5,24,jonSF,2023-06-28 16:47:55,https://www.reddit.com/r/AAPL/comments/14lektb/what_a_run/,False,False,False,False
12b3hk6,Apple Likely to Boost Its Dividend and Stock Buybacks Yet Again,4,8,RealPaulieWalnuts,2023-04-04 00:28:42,https://www.barrons.com/articles/apple-stock-dividend-buybacks-c23ca9ee?mod=bol-social-fb&fbclid=IwAR25PYeZdvknreybjEnITrbCj8Vv-a5xCGck8M6dxoFZqQQjlSeP89Rm-XQ,False,False,False,False
11agqv9,Get excited about non invasive glucose monitoring or nah?,4,4,sbeau87,2023-02-24 03:01:12,https://www.reddit.com/r/AAPL/comments/11agqv9/get_excited_about_non_invasive_glucose_monitoring/,False,False,False,False
1akgghq,How‚Äôs everyone feeling about AAPL?,3,25,IrishWhiskey1989,2024-02-06 18:18:26,https://www.reddit.com/r/AAPL/comments/1akgghq/hows_everyone_feeling_about_aapl/,False,False,False,False
1agmmo9,how often does AAPL close green on Thursday's?,6,15,GetEdgeful,2024-02-01 21:47:58,https://www.reddit.com/r/AAPL/comments/1agmmo9/how_often_does_aapl_close_green_on_thursdays/,False,False,False,False
19dvoew,"Apple scores record 13 Academy Award nominations, as culture-moving feature ‚ÄúKillers of the Flower Moon‚Äù lands 10 historic nominations for Best Picture, Best Actress for Lily Gladstone and Best Director for Martin Scorsese",4,0,basilisk-x,2024-01-23 18:49:01,https://www.stocktitan.net/news/AAPL/apple-scores-record-13-academy-award-nominations-as-culture-moving-d3taocgrg2gw.html,False,False,False,False
17xehok,how to leverage AAPL's average range by weekday with its range to ATR by weekday to build a trading strategy tailored to daily movements,4,0,GetEdgeful,2023-11-17 12:57:37,https://www.reddit.com/r/AAPL/comments/17xehok/how_to_leverage_aapls_average_range_by_weekday/,False,False,False,False
17mcxsi,Apple reports fourth quarter results,5,5,basilisk-x,2023-11-02 20:30:07,https://www.stocktitan.net/news/AAPL/apple-reports-fourth-quarter-igk17685r2ad.html,False,False,False,False
17judkf,AAPL green & red days by weekday | 07/31/2023 - 10/27/2023,4,2,GetEdgeful,2023-10-30 14:14:53,https://www.reddit.com/r/AAPL/comments/17judkf/aapl_green_red_days_by_weekday_07312023_10272023/,False,False,False,False
16zryar,Cook sells,4,2,None,2023-10-04 16:36:35,https://i.redd.it/vr99h9lcr7sb1.jpg,False,False,False,False
16ts8go,Apple's Market Snapshot for Sept 27: A Mixed Bag of Indicators‚ÄîWhat's Your Take?,3,2,Radiant-Grass3665,2023-09-27 18:36:03,https://www.reddit.com/r/AAPL/comments/16ts8go/apples_market_snapshot_for_sept_27_a_mixed_bag_of/,False,False,False,False
16nr8xl,Aapl,4,10,None,2023-09-20 17:31:54,https://i.redd.it/uji3x7eg4gpb1.jpg,False,False,False,False
16jc82y,iPhone 15 ProMax ordering,3,1,None,2023-09-15 12:37:30,https://www.reddit.com/r/AAPL/comments/16jc82y/iphone_15_promax_ordering/,False,False,False,False
16cmiyk,"AAPL Stock: China Ban, Consolidates Previous Gains, Projected To Extend ...",5,3,ugos1,2023-09-07 18:27:11,https://youtube.com/watch?v=KQgmGY1E5Lc&si=PJTeRYUPnVFRIvzN,False,False,False,False
14ccp4z,Good rebuy point w/n next month?,5,27,scottocracy,2023-06-18 06:07:58,https://www.reddit.com/r/AAPL/comments/14ccp4z/good_rebuy_point_wn_next_month/,False,False,False,False
11youxj,"Apple, Microsoft Dominate U.S. Markets After FAANG Trade Fizzles",3,2,foreignfilmfiend,2023-03-22 16:48:52,https://www.reddit.com/r/AAPL/comments/11youxj/apple_microsoft_dominate_us_markets_after_faang/,False,False,False,False
11ps7ww,Dividend,4,11,Fit-Birthday-6521,2023-03-12 22:38:40,https://www.reddit.com/r/AAPL/comments/11ps7ww/dividend/,False,False,False,False
11cvn16,Gen Z iPhone Users vs Android Users & Apple Keeps Smiling To The Bank.,4,1,ugos1,2023-02-26 23:01:31,https://youtube.com/watch?v=n-qh-sx7hik&feature=share,False,False,False,False
1anlbgx,"Apple Stock | Feb 9th, 2024 UPDATE | SHOULD YOU BUY?",4,4,Hash_99,2024-02-10 17:22:06,https://youtu.be/kD2epsIRL1w,False,False,False,False
1ah5hao,What are AAPL's AI strategies?,3,3,0xgokuz,2024-02-02 14:51:22,https://www.reddit.com/r/AAPL/comments/1ah5hao/what_are_aapls_ai_strategies/,False,False,False,False
19bvao1,a breakdown of AAPL's green & red streaks in the past year,3,0,GetEdgeful,2024-01-21 04:45:53,https://www.reddit.com/r/AAPL/comments/19bvao1/a_breakdown_of_aapls_green_red_streaks_in_the/,False,False,False,False
1983ij1,Apple previews new entertainment experiences launching with Apple Vision Pro,4,0,basilisk-x,2024-01-16 14:00:06,https://www.stocktitan.net/news/AAPL/apple-previews-new-entertainment-experiences-launching-with-apple-d8e2dl44tahm.html,False,False,False,False
191lu3r,Apple Vision Pro available in the U.S. on February 2,3,12,basilisk-x,2024-01-08 14:00:05,https://www.stocktitan.net/news/AAPL/apple-vision-pro-available-in-the-u-s-on-february-an2wys3qdxxc.html,False,False,False,False
18ze4rt,Tim Apple needs to make some changes.... [small rant],3,14,Dry-Opportunity5148,2024-01-05 18:42:38,https://www.reddit.com/r/AAPL/comments/18ze4rt/tim_apple_needs_to_make_some_changes_small_rant/,False,False,False,False
18s1zzw,What kind of idiot has 4 product lines but can‚Äôt sell one of them over the holiday due to a patent infringement?,3,6,Artie_Fufkins_Fapkin,2023-12-27 14:32:21,https://www.reddit.com/r/AAPL/comments/18s1zzw/what_kind_of_idiot_has_4_product_lines_but_cant/,False,False,False,False
18okukz,how can I pinpoint which weekday tends to have the highest trading volume and the biggest range? $AAPL,3,14,GetEdgeful,2023-12-22 17:58:18,https://www.reddit.com/r/AAPL/comments/18okukz/how_can_i_pinpoint_which_weekday_tends_to_have/,False,False,False,False
187qsnu,"average true range (ATR): what is it, and how can you use it to trade $AAPL?",3,1,GetEdgeful,2023-11-30 19:27:42,https://www.reddit.com/r/AAPL/comments/187qsnu/average_true_range_atr_what_is_it_and_how_can_you/,False,False,False,False
181bp5x,having trouble finding a directional bias? here's how to find one using gap fills *not financial advice*,3,0,GetEdgeful,2023-11-22 15:29:07,https://www.reddit.com/r/AAPL/comments/181bp5x/having_trouble_finding_a_directional_bias_heres/,False,False,False,False
177owd3,"AAPL average volume & range by weekday, YTD as of 10/12/23",3,1,GetEdgeful,2023-10-14 12:53:16,https://www.reddit.com/r/AAPL/comments/177owd3/aapl_average_volume_range_by_weekday_ytd_as_of/,False,False,False,False
16gufii,$AAPL 2023 EVENT - Apple Stock Analysis & Price Targets,2,5,LumleyTrading,2023-09-12 15:31:29,https://youtu.be/i5_fK5OW_uA,False,False,False,False
15h7tpd,$AAPL Earnings Stock Analysis,3,2,LumleyTrading,2023-08-03 15:46:57,https://youtu.be/qVbBl2P8Wus,False,False,False,False
15g8zjn,Yapple miss: matter or not?,3,18,None,2023-08-02 13:30:06,https://www.reddit.com/r/AAPL/comments/15g8zjn/yapple_miss_matter_or_not/,False,False,False,False
1366iza,Dividend increase?,3,8,Fit-Birthday-6521,2023-05-03 01:24:47,https://www.reddit.com/r/AAPL/comments/1366iza/dividend_increase/,False,False,False,False
11bhz6p,Heard Of This Apple Supplier In China?,3,0,ugos1,2023-02-25 10:34:49,https://youtube.com/watch?v=hXuBxYlLaEk&feature=share,False,False,False,False
1ar0tv7,Berkshire Hathaway sells 10 million shares of Apple. Any thoughts?,6,10,rajkhar,2024-02-14 23:16:22,https://www.reddit.com/r/AAPL/comments/1ar0tv7/berkshire_hathaway_sells_10_million_shares_of/,False,False,False,False
1aohpxz,YOLO on Apple? Let's talk about the vision pro,2,12,SnooComics3350,2024-02-11 20:31:54,https://www.reddit.com/r/AAPL/comments/1aohpxz/yolo_on_apple_lets_talk_about_the_vision_pro/,False,False,False,False
1agm7ds,Apple reports first quarter results,2,1,basilisk-x,2024-02-01 21:30:06,https://www.stocktitan.net/news/AAPL/apple-reports-first-quarter-jay8zvrr0n03.html,False,False,False,False
1ae4h8f,Is AAPL going to acquire PLAB's semiconductor mask facility?,2,0,Dashleyd,2024-01-29 19:55:10,https://www.reddit.com/r/AAPL/comments/1ae4h8f/is_aapl_going_to_acquire_plabs_semiconductor_mask/,False,False,False,False
1ac18ia,how much of ATR does AAPL fill by weekday,2,0,GetEdgeful,2024-01-27 03:28:15,https://www.reddit.com/r/AAPL/comments/1ac18ia/how_much_of_atr_does_aapl_fill_by_weekday/,False,False,False,False
19aw2mt,S&P500 Prints Record Highs | $SAVE $AMD $TSLA $MARA $AAPL | Most Active ...,2,0,ugos1,2024-01-19 22:43:16,https://youtube.com/watch?v=NrWEoW1A0-8&si=aW5jidHzi1rZnd3M,False,False,False,False
18xrpd5,Should i buy aapl now if i just want it to sit?? or do i go for something else,2,9,16medschool2023,2024-01-03 19:29:57,https://www.reddit.com/r/AAPL/comments/18xrpd5/should_i_buy_aapl_now_if_i_just_want_it_to_sit_or/,False,False,False,False
18n3602,Will $AAPL CLOSE ABOVE $200 before 2024?,2,3,CivilizedGuy123,2023-12-20 19:37:15,https://www.reddit.com/r/AAPL/comments/18n3602/will_aapl_close_above_200_before_2024/,False,False,False,False
17ub5bg,let's take a look at $AAPL's gap fill data from 11/14/22 - 11/10/23,2,2,GetEdgeful,2023-11-13 13:55:35,https://www.reddit.com/r/AAPL/comments/17ub5bg/lets_take_a_look_at_aapls_gap_fill_data_from/,False,False,False,False
17nzu7r,AAPL range to ATR by weekday 11/07/23 - 11/03/23,2,0,GetEdgeful,2023-11-05 00:26:58,https://www.reddit.com/r/AAPL/comments/17nzu7r/aapl_range_to_atr_by_weekday_110723_110323/,False,False,False,False
159dqjp,https://www.reuters.com/article/us-apple-competition-france-idCAKBN2131DP,2,0,Cool-Difficulty-9084,2023-07-25 16:42:37,https://www.reddit.com/r/AAPL/comments/159dqjp/httpswwwreuterscomarticleusapplecompetitionfrancei/,False,False,False,False
14rfhxq,AAPL,2,0,Embarrassed-Emu-8248,2023-07-05 16:23:23,https://youtu.be/EP34Yoxs3FQ,False,False,False,False
11kg4sr,Some bank called Goldman,2,8,Fit-Birthday-6521,2023-03-06 22:22:29,https://www.reddit.com/r/AAPL/comments/11kg4sr/some_bank_called_goldman/,False,False,False,False
1anjpn5,Apple Settles Trade Secrets Lawsuit Against Chip Startup Rivos for NASDAQ:AAPL by DEXWireNews,1,0,ExternalCollection92,2024-02-10 16:10:10,https://www.tradingview.com/chart/AAPL/GBev7d0F-Apple-Settles-Trade-Secrets-Lawsuit-Against-Chip-Startup-Rivos/GBev7d0F,False,False,False,False
19ffged,"Apple announces changes to iOS, Safari, and the App Store in the European Union",1,0,basilisk-x,2024-01-25 18:00:02,https://www.stocktitan.net/news/AAPL/apple-announces-changes-to-i-os-safari-and-the-app-store-in-the-lnf598k298qw.html,False,False,False,False
190gzvl,Stock market news today: Tech lags as Apple falls for 4th straight day ahead of Dec. jobs data,1,0,GetEdgeful,2024-01-07 02:14:16,https://finance.yahoo.com/news/stock-market-news-today-tech-lags-as-apple-falls-for-4th-straight-day-ahead-of-dec-jobs-data-210653577.html,False,False,False,False
189w2xh,SIRI Stock - A Possible Apple Merger in the Making?,1,0,InternationalWash822,2023-12-03 15:41:18,/r/pennystocktoday/comments/189w0zz/siri_stock_a_possible_apple_merger_in_the_making/,False,False,False,False
17mhp3k,"Apple MixC Wenzhou opens for customers this Saturday, November 4, in China",1,0,basilisk-x,2023-11-03 00:00:01,https://www.stocktitan.net/news/AAPL/apple-mix-c-wenzhou-opens-for-customers-this-saturday-november-4-in-tkhfjglx3xlz.html,False,False,False,False
17blbg6,"AAPL average range & volume by weekday, YTD as of 10/18/23",1,3,GetEdgeful,2023-10-19 15:05:02,https://i.redd.it/xahp66cnc6vb1.png,False,False,False,False
16yiekv,"Short Interest Data for AAPL: For the 2-week period, ending on Settlement Date 9/15/2023: ~107.3 Million shares were shorted out of a total of 15.6 Billion Outstanding Shares. Therefore, $AAPL has a short interest of roughly 0.69%. Days to Cover for the period is 1.42.",1,1,TickerDD,2023-10-03 04:24:15,https://youtube.com/shorts/fMvdsU69fNA?si=iKCD437m1QlFNhVd,False,False,True,False
16qof5g,the end of the year,1,3,3DMetaverse,2023-09-24 04:32:27,https://www.reddit.com/r/AAPL/comments/16qof5g/the_end_of_the_year/,False,False,False,False
16imljr,AAPL News along with Price and Volume Analysis By 650-Day Look Back!,1,0,TickerDD,2023-09-14 16:16:53,https://youtu.be/WNelkUYA9d0,False,False,False,False
16aonoa,Draganfly to Host Draganflyer Xperience: First Responder User Conference at Draganfly‚Äôs Joint A.I.R Center in Texas,1,0,blinn6816,2023-09-05 13:43:23,https://www.globenewswire.com/news-release/2023/09/05/2737235/0/en/Draganfly-to-Host-Draganflyer-Xperience-First-Responder-User-Conference-at-Draganfly-s-Joint-A-I-R-Center-in-Texas.html,True,False,True,False
11gk4wu,Real-time financial intelligence powered by GPT- Finalle.ai,1,0,FianlleAI,2023-03-02 23:24:11,https://v.redd.it/hdcpfajmtela1,False,False,False,False
19a244i,$SAVE $AMD $TSLA $PLUG $MARA $AAPL $AGFY $F $LCID $RIVN Most Active Stoc...,0,0,ugos1,2024-01-18 21:57:44,https://youtube.com/watch?v=qLA-VJqJeO0&si=1NL5UlCyVnqkGHDM,False,False,False,False
18pvasf,Apple explores AI deals with news publishers,0,0,GetEdgeful,2023-12-24 13:32:05,https://www.reuters.com/technology/apple-explores-ai-deals-with-news-publishers-new-york-times-2023-12-22/,False,False,False,False
17p4kh0,#AIRevolution #HealthcareInnovation #FinancialAI #ManufacturingTech #EntertainmentAI #MachineLearningImpact #TechInnovation #AIinMedicine #DataAnalytics #FutureTech #ScienceAdvancements #EnvironmentalAI #InnovationInTech #DigitalTransformation #TechProgress #TechTransformations #AIExcellence #Intell,0,0,Critical_Art_6386,2023-11-06 14:56:43,https://youtu.be/lu8aYLzFif4,False,False,False,False
17p4kgw,#AIRevolution #HealthcareInnovation #FinancialAI #ManufacturingTech #EntertainmentAI #MachineLearningImpact #TechInnovation #AIinMedicine #DataAnalytics #FutureTech #ScienceAdvancements #EnvironmentalAI #InnovationInTech #DigitalTransformation #TechProgress #TechTransformations #AIExcellence #Intell,0,0,Critical_Art_6386,2023-11-06 14:56:43,https://youtu.be/lu8aYLzFif4,False,False,False,False
17mwcdn,"$AAPL fell 3% in after-hours trading after warning of dull holiday quarter, blaming weak demand for iPads and wearables, especially in China",0,1,GetEdgeful,2023-11-03 14:27:45,https://www.reddit.com/r/AAPL/comments/17mwcdn/aapl_fell_3_in_afterhours_trading_after_warning/,False,False,False,False
14prfjj,Why the record high numbers?,0,4,Alternative-Being370,2023-07-03 18:52:11,https://www.reddit.com/r/AAPL/comments/14prfjj/why_the_record_high_numbers/,False,False,False,False
11jsjr6,Will APPLE Remain the #1 Stock? $AAPL Stock Analysis & Price Forecast..,0,6,Necessary_Capital_98,2023-03-06 08:04:09,https://youtu.be/jVT0-mdJ-zE,False,False,False,False
1aclu0m,My book 'ESCAPE FROM the WORKING CLASS PRISON has sold over 6 million copies! Broker by profession ... I EARN! Follow me and EARN!,0,1,No_Character4879,2024-01-27 21:44:32,https://www.reddit.com/r/AAPL/comments/1aclu0m/my_book_escape_from_the_working_class_prison_has/,False,False,False,False
17gtara,"the price of AppleTV is going up 42%! ü§Øwas $6.99, now $9.99! want something free that'll make you feel good? here's an insight for all you $AAPL traders - let's have a green day to cover those expenses lol",0,1,GetEdgeful,2023-10-26 10:21:41,https://i.redd.it/331ugpqhwiwb1.png,False,False,False,False
172vk0d,Ddd,0,0,Proud_Age3144,2023-10-08 10:07:55,https://www.reddit.com/r/AAPL/comments/172vk0d/ddd/,False,False,False,False
16ytmij,AAPL measly dividend,0,9,gnew18,2023-10-03 14:37:11,https://www.reddit.com/r/AAPL/comments/16ytmij/aapl_measly_dividend/,False,False,False,False
11giwh5,Wall Street closes with appreciable and meritorious rises considering that it had everything against it. Unfavorable macro data and the yield on the 10-year US bond clearly above the feared 4%. The official excuse for the rise is that Bostic from the FED has made it clear that,0,0,Juliocampusano,2023-03-02 23:00:14,https://www.reddit.com/r/AAPL/comments/11giwh5/wall_street_closes_with_appreciable_and/,False,False,False,False
114f0u7,We need to bring back the levels thread,0,1,None,2023-02-17 09:06:57,https://www.reddit.com/r/AAPL/comments/114f0u7/we_need_to_bring_back_the_levels_thread/,False,False,False,False
16d77w3,Short selling /GME repeat,0,2,pladomor,2023-09-08 10:47:12,https://www.reddit.com/r/AAPL/comments/16d77w3/short_selling_gme_repeat/,False,False,False,False
13pyhpz,New Headset,0,7,RoutineHuckleberry64,2023-05-23 19:41:53,https://www.reddit.com/r/AAPL/comments/13pyhpz/new_headset/,False,False,False,False
12zm819,Some worrying signs for Apple...,0,19,fitzgerald29ish,2023-04-26 15:47:47,https://www.reddit.com/r/AAPL/comments/12zm819/some_worrying_signs_for_apple/,False,False,False,False
17gvzis,The problem with Yapple,0,4,None,2023-10-26 13:00:39,https://www.reddit.com/r/AAPL/comments/17gvzis/the_problem_with_yapple/,False,False,False,False
1393nsl,Sell it all,0,19,Fit-Birthday-6521,2023-05-05 22:31:50,https://www.reddit.com/r/AAPL/comments/1393nsl/sell_it_all/,False,False,False,False
136nsi3,AAPL squaring out in price and time,0,5,None,2023-05-03 14:41:24,https://www.reddit.com/r/AAPL/comments/136nsi3/aapl_squaring_out_in_price_and_time/,False,False,False,False
